<?xml version="1.0" encoding="UTF-8"?>
<dradis-template version="2">
  <nodes>
    <node>
      <id>1</id>
      <label>0.- Start Here</label>
      <parent-id/>
      <position>0</position>
      <properties><![CDATA[{
}]]></properties>
      <type-id>0</type-id>
      <notes>
        <note>
          <id>1</id>
          <author>adama@dradisframework.com</author>
          <category-id>2</category-id>
          <text><![CDATA[#[Title]#
0.- Welcome to Dradis!

#[Description]#
p(pull-right). !/assets/logo_small-3459adc9b083bab7dbfd3a54cffc86b722e60447264883650bc34778203d35c1.png!

We have pre-populated this project with a little bit of everything so you get a sense of what working with Dradis in a real assessment would be like.

The core concepts you need to know about:
* **All issues**: This is where your add findings to the project. You can "add them manually":/projects/1/issues or "upload the output from a tool":/projects/1/upload.
* **Methodologies**: Think checklists, this is how you keep track of all the tasks you want to go through for the assessment.
* **Nodes**: Think folders or directories. Nodes is how you keep your project organized:
** For an **infrastructure** assessment you'll create nodes for each IP address or network range.
** For a **webapp** assessment you'll create nodes for "session management", "access control", "injection", etc.]]></text>
          <activities>
            <activity>
              <action>create</action>
              <user_email>adama@dradisframework.com</user_email>
              <created_at>1527084054</created_at>
            </activity>
          </activities>
          <comments/>
        </note>
        <note>
          <id>2</id>
          <author>adama@dradisframework.com</author>
          <category-id>2</category-id>
          <text><![CDATA[#[Title]#
1.- Adding Issues

#[Description]#
This is where you get started with Dradis issues.  Issues can be added manually or through tool output, such as Nessus, Burp, Metasploit, and so on.

You can configure the fields however you like.  To add a field it needs to be formatted appropriately.  We have included some sample issues with this project.  Click "Edit" on an issue issue to see what the field headers should look like.

*Adding Issues*
* To add a finding manually:
** Just click on the *+* sign next to the *Issues* heading in the sidebar/

* To upload scanner output:
** Use the "Upload output from tool":/projects/1/upload link at the top of the page.
** Select the scanner plugin you want to use, select the file to upload, and your Issues, Evidence, and Nodes should be created auto-magically.

* To import from a library of descriptions:
** You will need an import library like "MediaWiki":https://www.mediawiki.org or "VulnDB":https://vulndb.cyberriskanalytics.com/
*** Activate via Gemfile.plugins
*** Click on the Configuration link at the top-right of the page
*** Then click on the arrow next to *Import issues* in the sidebar.
** Dradis Pro also includes a built-in "IssueLibrary":https://dradisframework.com/support/guides/issuelibrary/index.html so you can create your own vulnerability database with custom fields and integration with Dradis.

Learn more about Issues "*here*":https://dradisframework.com/support/guides/projects/issues.html

#[Next]#
Next, we're going to learn about Evidence.

#[References]#
https://dradisframework.com/ce/
https://dradisframework.com/support/guides/projects/index.html
            ]]></text>
          <activities/>
          <comments/>
        </note>
        <note>
          <id>3</id>
          <author>adama@dradisframework.com</author>
          <category-id>2</category-id>
          <text><![CDATA[#[Title]#
2.- Adding Evidence

#[Description]#
Every Issue can be associated with one or more instances of Evidence. Evidence lives on the Node level.

If you delete that Node, the Evidence disappears as well.

Plugins such as Nessus, Burp, etc. will add Nodes and subnodes, and Evidence within those Nodes.  They will appear under the @plugin.output@ Node that you see on the left.

You can also add "images/screenshots and captions":https://dradisframework.com/support/guides/word_reports/styles.html.
            ]]></text>
          <activities/>
          <comments/>
        </note>
        <note>
          <id>4</id>
          <author>adama@dradisframework.com</author>
          <category-id>2</category-id>
          <text><![CDATA[#[Title]#
5.- Next steps

#[Description]#
When you're ready to start with a new empty project:

# "Log out":/logout
# Kill the server and go back to the console.
# Run: @bundle exec thor dradis:reset@

If you ever want to reload this sample project again:

# "Log out":/logout
# Kill the server and go back to the console.
# Run: @bundle exec thor dradis:reset@
# Run: @bundle exec thor dradis:setup:welcome@]]></text>
          <activities/>
          <comments/>
        </note>
        <note>
          <id>18</id>
          <author>adama@dradisframework.com</author>
          <category-id>2</category-id>
          <text><![CDATA[#[Title]#
3.- Adding Nodes

#[Description]#
Nodes and hosts are where you place Evidence.  Hosts can be IP addresses, URLs (e.g. www.google.com), or anything else you choose to name them.  Like Issues and Evidence, they can be added manually or be created using tool output.  Tool output nodes will live under the "plugin.output":/projects/1/nodes/3 node.

Once you have created a Node, you can add Notes or Evidence to that Node.  A Note is flexible; it can contain any sort of data you like, functioning like a notepad for penetration testers if you like.  Notes can also be exported into reports if they are in the Default category.  Evidence needs to be associated with an Issue.]]></text>
          <activities/>
          <comments/>
        </note>
        <note>
          <id>19</id>
          <author>adama@dradisframework.com</author>
          <category-id>2</category-id>
          <text><![CDATA[#[Title]#
4.- Working with Methodologies

#[Description]#
Methodologies are essentially customizable kanban boards with lists and tasks.  We have included an OWASP Checklist methodology template, but you can also create your own methodologies and methodology templates.  Methodologies are optional, but can also be exported into reports if you like - for example to show Pass/Fail items on a checklist.

Look at how Methodologies work "*here*":/projects/1/methodologies!]]></text>
          <activities/>
          <comments/>
        </note>
      </notes>
      <evidence/>
      <activities/>
    </node>
    <node>
      <id>2</id>
      <label>1.- Scope</label>
      <parent-id/>
      <position>0</position>
      <properties><![CDATA[{
}]]></properties>
      <type-id>0</type-id>
      <notes>
        <note>
          <id>5</id>
          <author>adama@dradisframework.com</author>
          <category-id>2</category-id>
          <text><![CDATA[#[Title]#
URLs and accounts

#[Description]#
You can use a "Scope" node to keep track of URLs, accounts, or any other information that is relevant for the assessment.

Use Textile markup to make your notes clearer

|_. Username|_. Password|
|admin|foo|

In scope URLs:

* http://drad.is/blog
* http://drad.is/l/forum
* http://drad.is/l/slack
]]></text>
          <activities>
            <activity>
              <action>create</action>
              <user_email>adama@dradisframework.com</user_email>
              <created_at>1527084054</created_at>
            </activity>
          </activities>
          <comments/>
        </note>
      </notes>
      <evidence/>
      <activities>
        <activity>
          <action>create</action>
          <user_email>adama@dradisframework.com</user_email>
          <created_at>1527084023</created_at>
        </activity>
      </activities>
    </node>
    <node>
      <id>3</id>
      <label>plugin.output</label>
      <parent-id/>
      <position>0</position>
      <properties><![CDATA[{
}]]></properties>
      <type-id>0</type-id>
      <notes/>
      <evidence/>
      <activities/>
    </node>
    <node>
      <id>4</id>
      <label>173.45.230.150</label>
      <parent-id>3</parent-id>
      <position>0</position>
      <properties><![CDATA[{
  "fqdn": "snorby.org",
  "ip": "173.45.230.150",
  "os": "NetBSD 3.0",
  "services": [
    {
      "port": 9090,
      "protocol": "tcp",
      "state": "open",
      "name": "www",
      "x_nessus": "A web server is running on this port."
    },
    {
      "port": 7070,
      "protocol": "tcp",
      "state": "open",
      "name": "arcp?",
      "x_nessus": "The service closed the connection without sending any data.\nIt might be protected by some sort of TCP wrapper."
    },
    {
      "port": 554,
      "protocol": "tcp",
      "state": "open",
      "name": "rtsp?",
      "x_nessus": "The service closed the connection without sending any data.\nIt might be protected by some sort of TCP wrapper."
    },
    {
      "port": 443,
      "protocol": "tcp",
      "state": "open",
      "name": "www",
      "x_nessus": "A TLSv1 server answered on this port.\n"
    },
    {
      "port": 80,
      "protocol": "tcp",
      "state": "open",
      "name": "www",
      "x_nessus": "A web server is running on this port."
    },
    {
      "port": 25,
      "protocol": "tcp",
      "state": "open",
      "name": "smtp",
      "x_nessus": "An SMTP server is running on this port."
    },
    {
      "port": 22,
      "protocol": "tcp",
      "state": "open",
      "name": "ssh",
      "x_nessus": "An SSH server is running on this port."
    },
    {
      "port": 21,
      "protocol": "tcp",
      "state": "open",
      "name": "ftp?",
      "x_nessus": "The service closed the connection without sending any data.\nIt might be protected by some sort of TCP wrapper."
    }
  ]
}]]></properties>
      <type-id>1</type-id>
      <notes>
        <note>
          <id>6</id>
          <author>Nessus upload plugin</author>
          <category-id>2</category-id>
          <text><![CDATA[#[Title]#
Nessus Host Details

#[IP]#
173.45.230.150

#[Type]#
Host]]></text>
          <activities/>
          <comments/>
        </note>
      </notes>
      <evidence>
        <evidence>
          <id>1</id>
          <author/>
          <issue-id>10</issue-id>
          <content><![CDATA[#[Location]#
tcp/9090

#[Output]#
n/a



]]></content>
          <activities/>
          <comments/>
        </evidence>
        <evidence>
          <id>2</id>
          <author/>
          <issue-id>11</issue-id>
          <content><![CDATA[#[Location]#
tcp/443

#[Output]#
n/a



]]></content>
          <activities/>
          <comments/>
        </evidence>
      </evidence>
      <activities>
        <activity>
          <action>update</action>
          <user_email>adama@dradisframework.com</user_email>
          <created_at>1495866657</created_at>
        </activity>
      </activities>
    </node>
    <node>
      <id>5</id>
      <label>1.1.1.1</label>
      <parent-id>3</parent-id>
      <position>0</position>
      <properties><![CDATA[{
  "network": "blue",
  "ip": [
    "1.1.1.1",
    "1.1.1.2"
  ],
  "services": [
    {
      "port": 123,
      "protocol": "udp",
      "state": "open",
      "name": "NTP"
    },
    {
      "port": 161,
      "protocol": "udp",
      "state": "open",
      "name": "SNMP"
    }
  ]
}]]></properties>
      <type-id>1</type-id>
      <notes/>
      <evidence>
        <evidence>
          <id>3</id>
          <author/>
          <issue-id>12</issue-id>
          <content><![CDATA[#[Location]#
Server

#[Output]#
The following NTP variables were found from a readvar request:

bc.. system="cisco", leap=0, stratum=5, rootdelay=88.21,
rootdispersion=108.54, peer=24960, refid=135.89.100.96,
reftime=0xD80BB6B5.715ACDD8, poll=10, clock=0xD80BB78F.8931F3F6,
phase=8.259, freq=-141.24, error=11.32]]></content>
          <activities>
            <activity>
              <action>update</action>
              <user_email>adama@dradisframework.com</user_email>
              <created_at>1495865942</created_at>
            </activity>
          </activities>
          <comments/>
        </evidence>
        <evidence>
          <id>4</id>
          <author>adama@dradisframework.com</author>
          <issue-id>9</issue-id>
          <content><![CDATA[#[Location]#
/ui/warehouse/index.php

#[Output]#
!/projects/1/nodes/5/attachments/command-01.png(Example caption created within Dradis)!

URL encoded GET input *filter[qty_max]* was set to *(select(0)from(select(sleep(0)))v)/*'+(select(0)from(select(sleep(0)))v)+'"+(select(0)from(select(sleep(0)))v)+"*/*

Tests performed:
* (select(0)from(select(sleep(3)))v)/*'+(select(0)from(select(sleep(3)))v)+'"+(select(0)from(select(sleep(3)))v)+"*/ => *3.266 s*
* (select(0)from(select(sleep(6)))v)/*'+(select(0)from(select(sleep(6)))v)+'"+(select(0)from(select(sleep(6)))v)+"*/ => *6.516 s*
* (select(0)from(select(sleep(0)))v)/*'+(select(0)from(select(sleep(0)))v)+'"+(select(0)from(select(sleep(0)))v)+"*/ => *1.579 s*
* (select(0)from(select(sleep(9)))v)/*'+(select(0)from(select(sleep(9)))v)+'"+(select(0)from(select(sleep(9)))v)+"*/ => *9.344 s*
* (select(0)from(select(sleep(0)))v)/*'+(select(0)from(select(sleep(0)))v)+'"+(select(0)from(select(sleep(0)))v)+"*/ => *0.234 s*
* (select(0)from(select(sleep(0)))v)/*'+(select(0)from(select(sleep(0)))v)+'"+(select(0)from(select(sleep(0)))v)+"*/ => *0.375 s*
* (select(0)from(select(sleep(0)))v)/*'+(select(0)from(select(sleep(0)))v)+'"+(select(0)from(select(sleep(0)))v)+"*/ => *0.454 s*
* (select(0)from(select(sleep(6)))v)/*'+(select(0)from(select(sleep(6)))v)+'"+(select(0)from(select(sleep(6)))v)+"*/ => *6.313 s*
* (select(0)from(select(sleep(0)))v)/*'+(select(0)from(select(sleep(0)))v)+'"+(select(0)from(select(sleep(0)))v)+"*/ => *0.438 s*

 Original value: *1*


                    ]]></content>
          <activities>
            <activity>
              <action>create</action>
              <user_email>adama@dradisframework.com</user_email>
              <created_at>1495866591</created_at>
            </activity>
            <activity>
              <action>update</action>
              <user_email>adama@dradisframework.com</user_email>
              <created_at>1504150101</created_at>
            </activity>
            <activity>
              <action>update</action>
              <user_email>adama@dradisframework.com</user_email>
              <created_at>1525869293</created_at>
            </activity>
            <activity>
              <action>update</action>
              <user_email>adama@dradisframework.com</user_email>
              <created_at>1531237536</created_at>
            </activity>
          </activities>
          <comments/>
        </evidence>
      </evidence>
      <activities/>
    </node>
    <node>
      <id>6</id>
      <label>10.0.155.157</label>
      <parent-id>3</parent-id>
      <position>0</position>
      <properties><![CDATA[{
}]]></properties>
      <type-id>1</type-id>
      <notes>
        <note>
          <id>7</id>
          <author>Qualys upload plugin</author>
          <category-id>2</category-id>
          <text><![CDATA[#[Title]#
Basic host info

#[Description]#
IP: 10.0.155.157
Name: smtp.example.com
OS: Linux 2.4-2.6]]></text>
          <activities/>
          <comments/>
        </note>
      </notes>
      <evidence>
        <evidence>
          <id>5</id>
          <author/>
          <issue-id>13</issue-id>
          <content><![CDATA[#[Location]#
n/a/n/a

#[Output]#
bc.. Some of the ports filtered by the firewall are: 20, 21, 22, 23, 53, 111, 135, 139, 443, 445.
]]></content>
          <activities/>
          <comments/>
        </evidence>
        <evidence>
          <id>6</id>
          <author/>
          <issue-id>14</issue-id>
          <content><![CDATA[#[Location]#
n/a/n/a

#[Output]#
bc.. Tested on port 25 with an injected SYN/RST offset by 16 bytes.
  Tested on port 80 with an injected SYN/RST offset by 16 bytes.
]]></content>
          <activities/>
          <comments/>
        </evidence>
      </evidence>
      <activities/>
    </node>
    <node>
      <id>7</id>
      <label>10.0.155.160</label>
      <parent-id>3</parent-id>
      <position>0</position>
      <properties><![CDATA[{
}]]></properties>
      <type-id>1</type-id>
      <notes>
        <note>
          <id>8</id>
          <author>Qualys upload plugin</author>
          <category-id>2</category-id>
          <text><![CDATA[#[Title]#
Basic host info

#[Description]#
IP: 10.0.155.160
Name: No registered hostname
OS: Linux 2.4-2.6]]></text>
          <activities/>
          <comments/>
        </note>
      </notes>
      <evidence>
        <evidence>
          <id>7</id>
          <author/>
          <issue-id>14</issue-id>
          <content><![CDATA[#[Location]#
n/a/n/a

#[Output]#
bc.. Tested on port 80 with an injected SYN/RST offset by 16 bytes.
]]></content>
          <activities/>
          <comments/>
        </evidence>
        <evidence>
          <id>8</id>
          <author/>
          <issue-id>15</issue-id>
          <content><![CDATA[#[Location]#
tcp/80

#[Output]#
bc.. HTTP/1.1 417 Expectation Failed
Date: Fri, 20 Dec 2011 19:05:57 GMT
Server: Apache
Keep-Alive: timeout=15, max=100
Connection: Keep-Alive
Transfer-Encoding: chunked
Content-Type: text/html; charset=iso-8859-1

<!DOCTYPE HTML PUBLIC "-//IETF//DTD HTML 2.0//EN">
<HTML><HEAD>
<TITLE>417 Expectation Failed</TITLE>
</HEAD><BODY>
<H1>Expectation Failed</H1>
The expectation given in the Expect request-header
field could not be met by this server.<P>
The client sent<PRE>
$${{Expect: <script>alert(document.domain)</script>}}$$
</PRE>
but we only allow the 100-continue expectation.
</BODY></HTML>
-CR-
]]></content>
          <activities/>
          <comments/>
        </evidence>
        <evidence>
          <id>9</id>
          <author/>
          <issue-id>16</issue-id>
          <content><![CDATA[#[Location]#
tcp/80

#[Output]#
bc.. "3bee-4f12-00794aef"
]]></content>
          <activities/>
          <comments/>
        </evidence>
      </evidence>
      <activities/>
    </node>
  </nodes>
  <issues>
    <issue>
      <id>9</id>
      <author>Acunetix upload plugin</author>
      <text><![CDATA[#[Title]#
Blind SQL Injection

#[CVSSv3.BaseScore]#
9.8

#[CVSSv3.Vector]#
CVSS:3.0/AV:N/AC:L/PR:N/UI:N/S:U/C:H/I:H/A:H

#[Type]#
Internal

#[Description]#
This script is possibly vulnerable to SQL Injection attacks.

SQL injection is a vulnerability that allows an attacker to alter back-end SQL statements by manipulating the user input. An SQL injection occurs when web applications accept user input that is directly placed into a SQL statement and doesn't properly filter out dangerous characters.

This is one of the most common application layer attacks currently being used on the Internet.  Despite the fact that it is relatively easy to protect against, there is a large number of web applications vulnerable.

An attacker may execute arbitrary SQL statements on the vulnerable system. This may compromise the integrity of your database and/or expose sensitive information.

Depending on the backend database in use, SQL injection vulnerabilities lead to varying levels of data/system access for the attacker. It may be possible to not only manipulate existing queries, but to UNION in arbitrary data, use subselects, or append additional queries. In some cases, it may be possible to read in or write out to files or to execute shell commands on the underlying operating system.

Certain SQL Servers such as Microsoft SQL Server contain stored and extended procedures (database server functions). If an attacker can obtain access to these procedures it may be possible to compromise the entire machine.

#[Solution]#
Your script should filter metacharacters from user input.
Check detailed information for more information about fixing this vulnerability.

#[References]#
Acunetix SQL Injection Attack
http://www.acunetix.com/websitesecurity/sql-injection.htm

VIDEO: SQL Injection tutorial
http://www.acunetix.com/blog/web-security-zone/video-sql-injection-tutorial/

OWASP Injection Flaws
http://www.owasp.org/index.php/Injection_Flaws

How to check for SQL injection vulnerabilities
http://www.acunetix.com/websitesecurity/sql-injection2/

SQL Injection Walkthrough
http://www.securiteam.com/securityreviews/5DP0N1P76E.html

OWASP PHP Top 5
http://www.owasp.org/index.php/PHP_Top_5

#[plugin]#
acunetix

#[plugin_id]#
Scripting (Blind_Sql_Injection.script)/Blind SQL Injection
]]></text>
      <activities>
        <activity>
          <action>update</action>
          <user_email>adama@dradisframework.com</user_email>
          <created_at>1495866017</created_at>
        </activity>
        <activity>
          <action>update</action>
          <user_email>adama@dradisframework.com</user_email>
          <created_at>1527084558</created_at>
        </activity>
        <activity>
          <action>update</action>
          <user_email>adama@dradisframework.com</user_email>
          <created_at>1530778108</created_at>
        </activity>
        <activity>
          <action>update</action>
          <user_email>adama@dradisframework.com</user_email>
          <created_at>1531307150</created_at>
        </activity>
        <activity>
          <action>update</action>
          <user_email>adama@dradisframework.com</user_email>
          <created_at>1531307157</created_at>
        </activity>
        <activity>
          <action>update</action>
          <user_email>adama@dradisframework.com</user_email>
          <created_at>1531310233</created_at>
        </activity>
        <activity>
          <action>update</action>
          <user_email>adama@dradisframework.com</user_email>
          <created_at>1534423619</created_at>
        </activity>
        <activity>
          <action>update</action>
          <user_email>adama@dradisframework.com</user_email>
          <created_at>1544632065</created_at>
        </activity>
        <activity>
          <action>update</action>
          <user_email>adama@dradisframework.com</user_email>
          <created_at>1544632294</created_at>
        </activity>
        <activity>
          <action>update</action>
          <user_email>adama@dradisframework.com</user_email>
          <created_at>1544632331</created_at>
        </activity>
      </activities>
      <comments/>
    </issue>
    <issue>
      <id>10</id>
      <author>Nessus upload plugin</author>
      <text><![CDATA[#[Title]#
Secure HyperText Transfer Protocol (S-HTTP) Detection

#[CVSSv3.BaseScore]#
3.5

#[CVSSv3.Vector]#
CVSS:3.0/AV:N/AC:L/PR:L/UI:R/S:U/C:L/I:N/A:N

#[Type]#
Internal

#[Description]#
The remote web server accepts connections encrypted using Secure HyperText Transfer Protocol (S-HTTP), a cryptographic layer that was defined in 1999 by RFC 2660 and never widely implemented.

#[Solution]#
Rare or obsolete code is often poorly tested. Thus, it would be safer to disable support for S-HTTP and use HTTPS instead.

#[References]#
http://tools.ietf.org/html/rfc2660


#[plugin]#
nessus


#[plugin_id]#
11720
]]></text>
      <activities>
        <activity>
          <action>update</action>
          <user_email>adama@dradisframework.com</user_email>
          <created_at>1495866298</created_at>
        </activity>
        <activity>
          <action>update</action>
          <user_email>adama@dradisframework.com</user_email>
          <created_at>1495866319</created_at>
        </activity>
      </activities>
      <comments/>
    </issue>
    <issue>
      <id>11</id>
      <author>Nessus upload plugin</author>
      <text><![CDATA[#[Title]#
SSL / TLS Renegotiation Handshakes MiTM Plaintext Data Injection

#[CVSSv3.BaseScore]#
2.4

#[CVSSv3.Vector]#
CVSS:3.0/AV:N/AC:L/PR:H/UI:R/S:U/C:L/I:N/A:N

#[Type]#
Internal

#[Description]#
The remote service encrypts traffic using TLS / SSL but allows a client to renegotiate the connection after the initial handshake.  An unauthenticated remote attacker may be able to leverage this issue to inject an arbitrary amount of plaintext into the beginning of the application protocol stream, which could facilitate man-in-the-middle attacks if the service assumes that the sessions before and after renegotiation are from the same 'client' and merges them at the application layer.

#[Solution]#
Contact the vendor for specific patch information.

#[References]#
http://extendedsubset.com/?p=8
http://www.ietf.org/mail-archive/web/tls/current/msg03948.html
http://www.kb.cert.org/vuls/id/120541
http://www.g-sec.lu/practicaltls.pdf
https://svn.resiprocate.org/rep/ietf-drafts/ekr/draft-rescorla-tls-renegotiate.txt


#[plugin]#
nessus


#[plugin_id]#
42880
]]></text>
      <activities>
        <activity>
          <action>update</action>
          <user_email>adama@dradisframework.com</user_email>
          <created_at>1495865763</created_at>
        </activity>
        <activity>
          <action>update</action>
          <user_email>adama@dradisframework.com</user_email>
          <created_at>1495866279</created_at>
        </activity>
      </activities>
      <comments/>
    </issue>
    <issue>
      <id>12</id>
      <author>Nexpose upload plugin</author>
      <text><![CDATA[#[Title]#
Apache HTTPD: error responses can expose cookies (CVE-2012-0053)

#[CVSSv3.BaseScore]#
4.6

#[CVSSv3.Vector]#
CVSS:3.0/AV:N/AC:L/PR:L/UI:R/S:U/C:L/I:N/A:L

#[Type]#
Internal

#[Description]#
A flaw was found in the default error response for status code 400.  This flaw could be used by an attacker to expose "httpOnly" cookies when no custom ErrorDocument is specified.

#[Solution]#
Apache HTTPD >= 2.0 and < 2.0.65

Many platforms and distributions provide pre-built binary packages for Apache HTTP server.  These pre-built packages are usually customized and optimized for a particular distribution, therefore we recommend that you use the packages if they are available for your operating system.

#[References]#
|_. source |_. text |
| APPLE | APPLE-SA-2012-09-19-2 |
| BID | 51706 |
| CVE | CVE-2012-0053 |
| REDHAT | RHSA-2012:0128 |
| SECUNIA | 48551 |
| URL | http://httpd.apache.org/security/vulnerabilities_20.html |
| URL | http://httpd.apache.org/security/vulnerabilities_22.html |



#[plugin]#
nexpose


#[plugin_id]#
ntp-clock-variables-disclosure
]]></text>
      <activities>
        <activity>
          <action>update</action>
          <user_email>adama@dradisframework.com</user_email>
          <created_at>1495866053</created_at>
        </activity>
      </activities>
      <comments/>
    </issue>
    <issue>
      <id>13</id>
      <author>Qualys upload plugin</author>
      <text><![CDATA[#[Title]#
Firewall Detected

#[CVSSv3.BaseScore]#
0.0

#[CVSSv3.Vector]#
CVSS:3.0/AV:N/AC:L/PR:N/UI:N/S:U/C:N/I:N/A:N

#[Type]#
External

#[Description]#
A packet filtering device protecting this IP was detected. This is likely to be a firewall or a router using access control lists (ACLs).

#[Solution]#
n/a

#[References]#
n/a

#[plugin]#
qualys

#[plugin_id]#
34011
]]></text>
      <activities>
        <activity>
          <action>update</action>
          <user_email>adama@dradisframework.com</user_email>
          <created_at>1495865750</created_at>
        </activity>
        <activity>
          <action>update</action>
          <user_email>adama@dradisframework.com</user_email>
          <created_at>1495866234</created_at>
        </activity>
        <activity>
          <action>update</action>
          <user_email>adama@dradisframework.com</user_email>
          <created_at>1500144827</created_at>
        </activity>
      </activities>
      <comments/>
    </issue>
    <issue>
      <id>14</id>
      <author>Qualys upload plugin</author>
      <text><![CDATA[#[Title]#
TCP Sequence Number Approximation Based Denial of Service

#[CVSSv3.BaseScore]#
7.5

#[CVSSv3.Vector]#
CVSS:3.0/AV:N/AC:L/PR:N/UI:N/S:U/C:N/I:H/A:N

#[Type]#
Internal

#[Description]#
TCP provides stateful communications between hosts on a network. TCP sessions are established by a three-way handshake and use random 32-bit sequence and acknowledgment numbers to ensure the validity of traffic. A vulnerability was reported that may permit TCP sequence numbers to be more easily approximated by remote attackers. This issue affects products released by multiple vendors.

The cause of the vulnerability is that affected implementations will accept TCP sequence numbers within a certain range, known as the acknowledgement range, of the expected sequence number for a packet in the session. This is determined by the TCP window size, which is negotiated during the three-way handshake for the session. Larger TCP window sizes may be set to allow for more throughput, but the larger the TCP window size, the more probable it is to guess a TCP sequence number that falls within an acceptable range. It was initially thought that guessing an acceptable sequence number was relatively difficult for most implementations given random distribution, making this type of attack impractical. However, some implementations may make it easier to successfully approximate an acceptable TCP sequence number, making these attacks possible with a number of protocols and implementations.

This is further compounded by the fact that some implementations may support the use of the TCP Window Scale Option, as described in RFC 1323, to extend the TCP window size to a maximum value of 1 billion.

This vulnerability will permit a remote attacker to inject a SYN or RST packet into the session, causing it to be reset and effectively allowing for denial of service attacks. An attacker would exploit this issue by sending a packet to a receiving implementation with an approximated sequence number and a forged source IP address and TCP port.

There are a few factors that may present viable target implementations, such as those which depend on long-lived TCP connections, those that have known or easily guessed IP address endpoints and those implementations with easily guessed TCP source ports. It has been noted that Border Gateway Protocol (BGP) is reported to be particularly vulnerable to this type of attack, due to the use of long-lived TCP sessions and the possibility that some implementations may use the TCP Window Scale Option. As a result, this issue is likely to affect a number of routing platforms.

Another factor to consider is the relative difficulty of injecting packets into TCP sessions, as a number of receiving implementations will reassemble packets in order, dropping any duplicates. This may make some implementations more resistant to attacks than others.

It should be noted that while a number of vendors have confirmed this issue in various products, investigations are ongoing and it is likely that many other vendors and products will turn out to be vulnerable as the issue is investigated further.

Successful exploitation of this issue could lead to denial of service attacks on the TCP based services of target hosts. Other consequences may also result, such as man-in-the-middle attacks.


#[Solution]#
Please first check the results section below for the port number on which this vulnerability was detected. If that port number is known to be used for port-forwarding, then it is the backend host that is really vulnerable.

Various implementations and products including Check Point, Cisco, Cray Inc, Hitachi, Internet Initiative Japan, Inc (IIJ), Juniper Networks, NEC, Polycom, and Yamaha are currently undergoing review. Contact the vendors to obtain more information about affected products and fixes. "NISCC Advisory 236929 - Vulnerability Issues in TCP":http://packetstormsecurity.org/0404-advisories/246929.html details the vendor patch status as of the time of the advisory, and identifies resolutions and workarounds.

The Internet Engineering Task Force (IETF) has developed an Internet-Draft titled "Transmission Control Protocol Security Considerations":http://www3.ietf.org/proceedings/05mar/slides/tcpm-4.pdf that addresses this issue.

*Workaround:*

The following BGP-specific workaround information has been provided.

For BGP implementations that support it, the TCP MD5 Signature Option should be enabled. Passwords that the MD5 checksum is applied to should be set to strong values and changed on a regular basis.

Secure BGP configuration instructions have been provided for Cisco and Juniper at these locations:

"http://www.cymru.com/Documents/secure-bgp-template.html":http://www.cymru.com/Documents/secure-bgp-template.html
"http://www.qorbit.net/documents/junos-bgp-template.pdf":http://www.qorbit.net/documents/junos-bgp-template.pdf


#[References]#
n/a


#[Number]#
82054

#[plugin]#
qualys


#[plugin_id]#
82054
]]></text>
      <activities>
        <activity>
          <action>update</action>
          <user_email>adama@dradisframework.com</user_email>
          <created_at>1495866407</created_at>
        </activity>
      </activities>
      <comments/>
    </issue>
    <issue>
      <id>15</id>
      <author>Qualys upload plugin</author>
      <text><![CDATA[#[Title]#
Apache 1.3 HTTP Server Expect Header Cross-Site Scripting

#[CVSSv3.BaseScore]#
7.3

#[CVSSv3.Vector]#
CVSS:3.0/AV:N/AC:L/PR:N/UI:N/S:U/C:L/I:L/A:L

#[Type]#
External

#[Description]#
A vulnerability exists in Apache HTTP Server Versions 1.3.3 to 1.3.34. This issue occurs due to the handling of invalid Expect headers.
An attacker can exploit this vulnerability to perform a cross-site scripting attack.

#[Solution]#
Upgrade to the latest version of Apache, which is available for download from the "Apache Web site":http://www.apache.org/.

#[References]#
Apache 1.3 http://httpd.apache.org/security/vulnerabilities_13.html

#[Number]#
86821

#[plugin]#
qualys

#[plugin_id]#
86821

#[jira_id]#
10002

#[jira_key]#
SF-3]]></text>
      <activities>
        <activity>
          <action>update</action>
          <user_email>adama@dradisframework.com</user_email>
          <created_at>1495865883</created_at>
        </activity>
      </activities>
      <comments/>
    </issue>
    <issue>
      <id>16</id>
      <author>Qualys upload plugin</author>
      <text><![CDATA[#[Title]#
Apache Web Server ETag Header Information Disclosure Weakness

#[CVSSv3.BaseScore]#
4.6

#[CVSSv3.Vector]#
CVSS:3.0/AV:N/AC:L/PR:L/UI:R/S:U/C:L/I:N/A:L

#[Type]#
External

#[Description]#
The Apache HTTP Server is a popular, open-source HTTP server for multiple platforms, including Windows, Unix, and Linux.

A cache management feature for Apache makes use of an entity tag (ETag) header. When this option is enabled and a request is made for a document relating to a file, an ETag response header is returned containing various file attributes for caching purposes. ETag information allows subsequent file requests to contain specific information, such as the file's inode number.

A weakness has been found in the generation of ETag headers under certain configurations implementing the FileETag directive. Among the file attributes included in the header is the file inode number that is returned to a client. In Apache Versions 1.3.22 and earlier, it's not possible to disable inodes in in ETag headers. In later versions, the default behavior is to release this sensitive information.

This vulnerability poses a security risk, as the disclosure of inode information may aid in launching attacks against other network-based services. For instance, NFS uses inode numbers to generate file handles.

#[Solution]#
OpenBSD has released a "patch":ftp://ftp.openbsd.org/pub/OpenBSD/patches/3.2/common/008_httpd.patch that fixes this vulnerability. After installing the patch, inode numbers returned from the server are encoded using a private hash to avoid the release of sensitive information.

Customers are advised to upgrade to the latest version of Apache. In Apache Version "1.3.23":http://httpd.apache.org/docs/1.3/mod/core.html#fileetag and later, it's possible to configure the FileETag directive to generate ETag headers without inode information.

To do so, include:

bc. "FileETag -INode"

in the Apache server configuration file for a specific subdirectory.

In order to fix this vulnerability globally, for the Web server, use the option:

bc. "FileETag None".

Use the option:

bc.. "FileETag
MTime Size"

p. if you just want to remove the Inode information.

#[References]#
n/a

#[Number]#
86477

#[plugin]#
qualys

#[plugin_id]#
86477

            ]]></text>
      <activities>
        <activity>
          <action>update</action>
          <user_email>adama@dradisframework.com</user_email>
          <created_at>1495866203</created_at>
        </activity>
      </activities>
      <comments/>
    </issue>
  </issues>
  <methodologies>
    <board version="3">
      <name>Getting started</name>
      <node_id/>
      <list>
        <id>1</id>
        <name>Pending</name>
        <previous_id/>
        <card>
          <id>1</id>
          <name>[Issues, Evidence, and Plugins] Create your first Issue</name>
          <description><![CDATA[#[Description]#
Create your first Issue
]]></description>
          <due_date/>
          <previous_id/>
          <assignees></assignees>
          <activities></activities>
          <comments></comments>
        </card>
        <card>
          <id>2</id>
          <name>[Issues, Evidence, and Plugins] Tag your Issue</name>
          <description><![CDATA[#[Description]#
Tag your Issue
]]></description>
          <due_date/>
          <previous_id>1</previous_id>
          <assignees></assignees>
          <activities></activities>
          <comments></comments>
        </card>
        <card>
          <id>3</id>
          <name>[Issues, Evidence, and Plugins] Add a piece of Evidence to an existing Node</name>
          <description><![CDATA[#[Description]#
Add a piece of Evidence to an existing Node
]]></description>
          <due_date/>
          <previous_id>2</previous_id>
          <assignees></assignees>
          <activities></activities>
          <comments></comments>
        </card>
        <card>
          <id>4</id>
          <name>[Issues, Evidence, and Plugins] Edit a piece of Evidence</name>
          <description><![CDATA[#[Description]#
Edit a piece of Evidence
]]></description>
          <due_date/>
          <previous_id>3</previous_id>
          <assignees></assignees>
          <activities></activities>
          <comments></comments>
        </card>
        <card>
          <id>5</id>
          <name>[Issues, Evidence, and Plugins] Add a screenshot to an Issue or piece of Evidence</name>
          <description><![CDATA[#[Description]#
Add a screenshot to an Issue or piece of Evidence
]]></description>
          <due_date/>
          <previous_id>4</previous_id>
          <assignees></assignees>
          <activities></activities>
          <comments></comments>
        </card>
        <card>
          <id>6</id>
          <name>[Issues, Evidence, and Plugins] Upload output from tool using your favourite plugin</name>
          <description><![CDATA[#[Description]#
Upload output from tool using your favourite plugin
]]></description>
          <due_date/>
          <previous_id>5</previous_id>
          <assignees></assignees>
          <activities></activities>
          <comments></comments>
        </card>
        <card>
          <id>7</id>
          <name>[Issues, Evidence, and Plugins] Explore Issues and Evidence added by tool output</name>
          <description><![CDATA[#[Description]#
Explore Issues and Evidence added by tool output
]]></description>
          <due_date/>
          <previous_id>6</previous_id>
          <assignees></assignees>
          <activities></activities>
          <comments></comments>
        </card>
        <card>
          <id>8</id>
          <name>[Nodes, Notes, and Node properties] Read the "0.- Start Here" Node</name>
          <description><![CDATA[#[Description]#
Read the "0.- Start Here" Node
]]></description>
          <due_date/>
          <previous_id>7</previous_id>
          <assignees></assignees>
          <activities></activities>
          <comments></comments>
        </card>
        <card>
          <id>9</id>
          <name>[Nodes, Notes, and Node properties] Read the "1.- Scope" Node</name>
          <description><![CDATA[#[Description]#
Read the "1.- Scope" Node
]]></description>
          <due_date/>
          <previous_id>8</previous_id>
          <assignees></assignees>
          <activities></activities>
          <comments></comments>
        </card>
        <card>
          <id>10</id>
          <name>[Nodes, Notes, and Node properties] Add a Node manually</name>
          <description><![CDATA[#[Description]#
Add a Node manually
]]></description>
          <due_date/>
          <previous_id>9</previous_id>
          <assignees></assignees>
          <activities></activities>
          <comments></comments>
        </card>
        <card>
          <id>11</id>
          <name>[Nodes, Notes, and Node properties] Add a subnode manually</name>
          <description><![CDATA[#[Description]#
Add a subnode manually
]]></description>
          <due_date/>
          <previous_id>10</previous_id>
          <assignees></assignees>
          <activities></activities>
          <comments></comments>
        </card>
        <card>
          <id>12</id>
          <name>[Nodes, Notes, and Node properties] After uploading output from a tool, explore the Nodes added under plugin.output</name>
          <description><![CDATA[#[Description]#
After uploading output from a tool, explore the Nodes added under plugin.output
]]></description>
          <due_date/>
          <previous_id>11</previous_id>
          <assignees></assignees>
          <activities></activities>
          <comments></comments>
        </card>
        <card>
          <id>13</id>
          <name>[Nodes, Notes, and Node properties] Create a Note on a Node</name>
          <description><![CDATA[#[Description]#
Create a Note on a Node
]]></description>
          <due_date/>
          <previous_id>12</previous_id>
          <assignees></assignees>
          <activities></activities>
          <comments></comments>
        </card>
        <card>
          <id>14</id>
          <name>[Nodes, Notes, and Node properties] Look at Node properties. You can find sample properties on the 1.1.1.1 subnode under plugin.output</name>
          <description><![CDATA[#[Description]#
Look at Node properties. You can find sample properties on the 1.1.1.1 subnode under plugin.output
]]></description>
          <due_date/>
          <previous_id>13</previous_id>
          <assignees></assignees>
          <activities></activities>
          <comments></comments>
        </card>
        <card>
          <id>15</id>
          <name>[Methodologies] Check off a task</name>
          <description><![CDATA[#[Description]#
Check off a task
]]></description>
          <due_date/>
          <previous_id>14</previous_id>
          <assignees></assignees>
          <activities></activities>
          <comments></comments>
        </card>
        <card>
          <id>16</id>
          <name>[Methodologies] Edit this Methodology</name>
          <description><![CDATA[#[Description]#
Edit this Methodology
]]></description>
          <due_date/>
          <previous_id>15</previous_id>
          <assignees></assignees>
          <activities></activities>
          <comments></comments>
        </card>
        <card>
          <id>17</id>
          <name>[Methodologies] Add a new "Simple OWASP Checklist" Methodology from the existing template</name>
          <description><![CDATA[#[Description]#
Add a new "Simple OWASP Checklist" Methodology from the existing template
]]></description>
          <due_date/>
          <previous_id>16</previous_id>
          <assignees></assignees>
          <activities></activities>
          <comments></comments>
        </card>
        <card>
          <id>18</id>
          <name>[Methodologies] Explore other templates available for download (from the "Add New" drop-down)</name>
          <description><![CDATA[#[Description]#
Explore other templates available for download (from the "Add New" drop-down)
]]></description>
          <due_date/>
          <previous_id>17</previous_id>
          <assignees></assignees>
          <activities></activities>
          <comments></comments>
        </card>
        <card>
          <id>19</id>
          <name>[Support and documentation] Dradis CE Documentation page https://dradisframework.com/ce/documentation/</name>
          <description><![CDATA[#[Description]#
Dradis CE Documentation page https://dradisframework.com/ce/documentation/
]]></description>
          <due_date/>
          <previous_id>18</previous_id>
          <assignees></assignees>
          <activities></activities>
          <comments></comments>
        </card>
        <card>
          <id>20</id>
          <name>[Support and documentation] Check out our Dradis CE Forum: http://drad.is/l/forum/</name>
          <description><![CDATA[#[Description]#
Check out our Dradis CE Forum: http://drad.is/l/forum/
]]></description>
          <due_date/>
          <previous_id>19</previous_id>
          <assignees></assignees>
          <activities></activities>
          <comments></comments>
        </card>
        <card>
          <id>21</id>
          <name>[Support and documentation] Dradis Pro support pages https://dradisframework.com/support/</name>
          <description><![CDATA[#[Description]#
Dradis Pro support pages https://dradisframework.com/support/
]]></description>
          <due_date/>
          <previous_id>20</previous_id>
          <assignees></assignees>
          <activities></activities>
          <comments></comments>
        </card>
        <card>
          <id>22</id>
          <name>[Support and documentation] Dradis CE on GitHub https://github.com/dradis/dradis-ce</name>
          <description><![CDATA[#[Description]#
Dradis CE on GitHub https://github.com/dradis/dradis-ce
]]></description>
          <due_date/>
          <previous_id>21</previous_id>
          <assignees></assignees>
          <activities></activities>
          <comments></comments>
        </card>
        <card>
          <id>23</id>
          <name>[Support and documentation] Dradis CE on Slack http://drad.is/l/slack</name>
          <description><![CDATA[#[Description]#
Dradis CE on Slack http://drad.is/l/slack
]]></description>
          <due_date/>
          <previous_id>22</previous_id>
          <assignees></assignees>
          <activities></activities>
          <comments></comments>
        </card>
      </list>
      <list>
        <id>2</id>
        <name>Done</name>
        <previous_id>1</previous_id>
        <card>
          <id>24</id>
          <name>[Methodologies] See the Methodologies overview on the Project Dashboard</name>
          <description><![CDATA[#[Description]#
See the Methodologies overview on the Project Dashboard
]]></description>
          <due_date/>
          <previous_id/>
          <assignees></assignees>
          <activities></activities>
          <comments></comments>
        </card>
        <card>
          <id>25</id>
          <name>[Methodologies] Open the Methodologies view</name>
          <description><![CDATA[#[Description]#
Open the Methodologies view
]]></description>
          <due_date/>
          <previous_id>24</previous_id>
          <assignees></assignees>
          <activities></activities>
          <comments></comments>
        </card>
      </list>
    </board>
  </methodologies>
  <categories>
    <category>
      <id>1</id>
      <name>Issue description</name>
    </category>
    <category>
      <id>2</id>
      <name>Default category</name>
    </category>
  </categories>
  <tags>
    <tag>
      <id>1</id>
      <name>!9467bd_critical</name>
      <taggings>
        <tagging>
          <taggable-id>9</taggable-id>
          <taggable-type>Note</taggable-type>
        </tagging>
      </taggings>
    </tag>
    <tag>
      <id>2</id>
      <name>!d62728_high</name>
      <taggings>
        <tagging>
          <taggable-id>14</taggable-id>
          <taggable-type>Note</taggable-type>
        </tagging>
        <tagging>
          <taggable-id>15</taggable-id>
          <taggable-type>Note</taggable-type>
        </tagging>
      </taggings>
    </tag>
    <tag>
      <id>3</id>
      <name>!ff7f0e_medium</name>
      <taggings>
        <tagging>
          <taggable-id>12</taggable-id>
          <taggable-type>Note</taggable-type>
        </tagging>
        <tagging>
          <taggable-id>16</taggable-id>
          <taggable-type>Note</taggable-type>
        </tagging>
      </taggings>
    </tag>
    <tag>
      <id>4</id>
      <name>!6baed6_low</name>
      <taggings>
        <tagging>
          <taggable-id>10</taggable-id>
          <taggable-type>Note</taggable-type>
        </tagging>
        <tagging>
          <taggable-id>11</taggable-id>
          <taggable-type>Note</taggable-type>
        </tagging>
      </taggings>
    </tag>
    <tag>
      <id>5</id>
      <name>!2ca02c_info</name>
      <taggings>
        <tagging>
          <taggable-id>13</taggable-id>
          <taggable-type>Note</taggable-type>
        </tagging>
      </taggings>
    </tag>
  </tags>
</dradis-template>
